Feature,Importance
email_click_rate,8.16563295141741
ProductDiversity,6.704659487739263
discount_response,0.5968230796095255
Monetary,0.4199361155487172
website_visits,0.048725618884581365
time_on_site,-0.11081256916652898
Customer_active_days,-0.21075448434190777
Frequency,-1.936301573205483
Recency,-2.231631673876763
