Model,MAE,MSE,RMSE,R2 Score
Linear Regression,2.818671597480719,14.6966284357465,3.833618191180037,0.9250243359476306
