Feature,Importance
ProductDiversity,0.7707770011425207
email_click_rate,0.18519814187554157
Recency,0.03494793270608786
Frequency,0.0034909665732578746
website_visits,0.002671768653416312
discount_response,0.0023432200291278655
Monetary,0.0005122323780106649
Customer_active_days,5.8736642037117096e-05
time_on_site,0.0
