Model,MAE,MSE,RMSE,R2 Score
Gradient Boosting Regressor,0.4509220555098035,0.36676569568028855,0.6056118358158867,0.998128924487308
