Feature,Importance
ProductDiversity,0.8313958142599378
email_click_rate,0.1428272539795415
Recency,0.02067806526479712
Frequency,0.0018645068700617344
website_visits,0.0010263901025719707
time_on_site,0.0007933478813986936
Customer_active_days,0.0006998153008292822
Monetary,0.0005333608112516364
discount_response,0.00018144552961014404
