Model,MAE,MSE,RMSE,R2 Score
Random Forest Regressor,1.4430453125229932,3.729257248411216,1.9311284909117818,0.980974987573227
